1.0
 Agelenopsis_pennsylvanica_Sanger Agelenidae .016
 Coelotes_lamellatus_Sanger Agelenidae .016
 Coelotes_modestus_Sanger Agelenidae .016
 Coelotes_xinjiangensis_Sanger Agelenidae .016
 Hololena_adnexa_Sanger Agelenidae .016
 Hololena_nedra_Sanger Agelenidae .016
 Novalena_intermedia_Sanger Agelenidae .016
 Tamgrinia_alveolifera_Sanger Agelenidae .016
 Tamgrinia_laticeps_Sanger Agelenidae .016
 Tamgrinia_palpator_Sanger Agelenidae .016
 Tegenaria_atrica_Sanger Agelenidae .016
 Tegenaria_domestica_Sanger Agelenidae .016
 Tegenaria_parietina_Sanger Agelenidae .016
 Tegenaria_silvestris_Sanger Agelenidae .016
 Textrix_denticulata_Sanger Agelenidae .016
 Draconarius_nr_incertus_UCE Agelenidae .016
 Agelenidae_sp_UCE Agelenidae .016
 Agelena_sp_UCE Agelenidae .016
 Barronopsis_texana_UCE Agelenidae .016
 Tegecoelotes_secundus_UCE Agelenidae .016
 Pireneitega_luctuosa_UCE Agelenidae .016
 Iwogumoa_insidiosa_UCE Agelenidae .016
 Allagelena_opulenta_UCE Agelenidae .016
 Eratigena_atrica_UCE Agelenidae .016
 Coras_lamellosus_UCE Agelenidae .016
 Novalena_sp_UCE Agelenidae .016
 Agelenopsis_pennsylvanica_UCE Agelenidae .016
 Tamgrinia_tibetana_UCE Agelenidae .016
 Agelenopsis_emertoni_UCE Agelenidae .016
 Coelotes_terrestris_517_UCE Agelenidae .016
 Tamgrinia_alveolifera_UCE Agelenidae .016
 Amaurobiidae_sp_Africa_UCE Amaurobiidae .051
 Amaurobius_erberi_Sanger Amaurobiidae .051
 Amaurobius_fenestralis_Sanger Amaurobiidae .051
 Amaurobius_ferox_16_Sanger Amaurobiidae .051
 Amaurobius_jugorum_Sanger Amaurobiidae .051
 Amaurobius_obustus_Sanger Amaurobiidae .051
 Amaurobius_pavesii_Sanger Amaurobiidae .051
 Amaurobius_pesarinii_Sanger Amaurobiidae .051
 Amaurobius_similis_Sanger Amaurobiidae .051
 Callobius_bennetti_Sanger Amaurobiidae .051
 Callobius_koreanus_Sanger Amaurobiidae .051
 Callobius_sp_Sanger Amaurobiidae .051
 Taira_flavidorsalis_UCE Amaurobiidae .051
 Amaurobius_fenestralis_UCE Amaurobiidae .051
 Amaurobius_ferox_UCE Amaurobiidae .051
 Callobius_sp_UCE Amaurobiidae .051
 Brommella_monticola_Sanger Cicurinidae .029
 Cicurina_simplex_UCE Cicurinidae .029
 Cicurina_sp_cave_UCE Cicurinidae .029
 Cicurina_cicur_UCE Cicurinidae .029
 Brommella_punctosparsa_8116_UCE Cicurinidae .029
 Brommella_punctosparsa_8873_UCE Cicurinidae .029
 Cicurina_vibora_UCE Cicurinidae .029
 Cicurina_travisae_UCE Cicurinidae .029
 Calymmaria_sp_Sanger Cybaeidae .034
 Blabomma_sp_UCE Cybaeidae .034
 Cryphoeca_exlineae_Sanger Cybaeidae .034
 Cryphoeca_silvicola_csbar_Sanger Cybaeidae .034
 Cybaeus_giganteus_Sanger Cybaeidae .034
 Cybaeus_morosus_Sanger Cybaeidae .034
 Cybaeus_mosanensis_Sanger Cybaeidae .034
 Mastigusa_mmhr4_Sanger Cybaeidae .034
 Cybaeus_sp_UCE Cybaeidae .034
 Cybaeus_mellotteei_UCE Cybaeidae .034
 Mastigusa_arietina_UCE Cybaeidae .034
 Cybaeozyga_sp_UCE Cybaeidae .034
 Calymmaria_persica_UCE Cybaeidae .034
 Calymmaria_sp_UCE Cybaeidae .034
 Cycloctenus_westlandicus_Sanger Cycloctenidae .021
 Orepukia_sp_Sanger Cycloctenidae .021
 Toxopsiella_sp_Sanger Cycloctenidae .021
 Cycloctenus_sp_UCE Cycloctenidae .021
 Toxopsiella_sp_UCE Cycloctenidae .021
 Amphinecta_luta_Sanger Desidae .047
 Amphinecta_sp_Sanger Desidae .047
 Badumna_insignis_Sanger Desidae .047
 Badumna_longinqua_Sanger Desidae .047
 Badumna_sp_Sanger Desidae .047
 Cambridgea_sp_Sanger Desidae .047
 Baiami_sp_Sanger Desidae .047
 Corasoides_sp_Sanger Desidae .047
 Desis_formidabilis_Sanger Desidae .047
 Desis_marina_Sanger Desidae .047
 Ischalea_sp_Sanger Desidae .047
 Ischalea_spinipes_Sanger Desidae .047
 Mamoea_pilosa_Sanger Desidae .047
 Mamoea_sp_Sanger Desidae .047
 Nanocambridgea_sp_cg203_Sanger Desidae .047
 Otagoa_sp_cg235_Sanger Desidae .047
 Paramatachia_sp_sp82_Sanger Desidae .047
 Porteria_sp_mr284_Sanger Desidae .047
 Desis_formidabilis_UCE Desidae .047
 cf_Badumna_sp_UCE Desidae .047
 Mamoea_rufa_UCE Desidae .047
 cf_Desis_sp_0001_UCE Desidae .047
 Otagoa_sp_UCE Desidae .047
 Porteria_eddardstarki_UCE Desidae .047
 Desis_martensi_UCE Desidae .047
 Corasoides_sp_UCE Desidae .047
 Badumna_longinqua_UCE Desidae .047
 Metaltella_simoni_078_UCE Desidae .047
 Metaltella_simoni_079_UCE Desidae .047
 Amphinecta_sp_UCE Desidae .047
 Cambridgea_sp_UCE Desidae .047
 Paramatachia_sp_UCE Desidae .047
 Arctella_lapponica_Sanger Dictynidae .054
 Argyroneta_aquatica_UCE Dictynidae .054
 Argenna_obesa_Sanger Dictynidae .054
 Argenna_patula_Sanger Dictynidae .054
 Argyroneta_aquatica_Sanger Dictynidae .054
 Chaerea_maritimus_UCE Dictynidae .054
 Chresiona_sp_UCE Dictynidae .054
 Devade_tenella_Sanger Dictynidae .054
 Emblyna_annulipes_Sanger Dictynidae .054
 Dictyna_bellans_Sanger Dictynidae .054
 Dictyna_brevitarsa_Sanger Dictynidae .054
 Dictyna_major_Sanger Dictynidae .054
 Dictyna_volucripes_Sanger Dictynidae .054
 Hackmania_prominula_Sanger Dictynidae .054
 Hackmania_saphes_Sanger Dictynidae .054
 Lathys_alberta_Sanger Dictynidae .054
 Lathys_humilis_Sanger Dictynidae .054
 Mexitlia_trivittata_Sanger Dictynidae .054
 Saltonia_incerta_Sanger Dictynidae .054
 Tricholathys_monterea_Sanger Dictynidae .054
 Dictynidae_sp_South_Africa_UCE Dictynidae .054
 Dictyna_cf_foliacea_UCE Dictynidae .054
 Dictyna_sp_UCE Dictynidae .054
 Brommella_punctosparsa_UCE Cicurinidae .029
 Paratheuma_awasensis_UCE Dictynidae .054
 Adenodictyna_kudoae_UCE Dictynidae .054
 Emblyna_sublata_UCE Dictynidae .054
 Ischalea_sp_UCE Dictynidae .054
 Lathys_sp_Azores_UCE Dictynidae .054
 Lathys_affinis_UCE Dictynidae .054
 Lathys_delicatula_UCE Dictynidae .054
 Mexitlia_trivittata_UCE Dictynidae .054
 Saltonia_incerta_1726_UCE Dictynidae .054
 Saltonia_incerta_1736_UCE Dictynidae .054
 Saltonia_incerta_1755_UCE Dictynidae .054
 Dictyna_sancta_UCE Dictynidae .054
 Cybaeolus_cf_rastellus_Sanger Hahniidae .051
 Cybaeolus_pusillus_Sanger Hahniidae .051
 Hahnia_clathrata_Sanger Hahniidae .051
 Hahnia_ononidum_Sanger Hahniidae .051
 Hahnia_zhejiangensis_Sanger Hahniidae .051
 Neoantistea_agilis_Sanger Hahniidae .051
 Neoantistea_quelpartensis_Sanger Hahniidae .051
 Hahniidae_sp_497_UCE Hahniidae .051
 Hahniidae_sp_498_UCE Hahniidae .051
 Hahnia_corticicola_UCE Hahniidae .051
 Neoantistea_quelpartensis_UCE Hahniidae .051
 Hahnia_thorntoni_UCE Hahniidae .051
 Hahnia_tanikawai_UCE Hahniidae .051
 Hahniidae_sp_Madagascar_UCE Hahniidae .051
 Hahniidae_sp_South_Africa_UCE Hahniidae .051
 Cybaelous_pusillus_UCE Hahniidae .051
 Callevopsis_striata_Sanger Macrobunidae .065
 Chresiona_invalida_Sanger Macrobunidae .065
 Chresiona_sp_Sanger Macrobunidae .065
 Chumma_inquieta_Sanger Macrobunidae .065
 Chumma_inquieta_UCE Macrobunidae .065
 Malenella_nana_Sanger Macrobunidae .065
 Rubrius_antarcticus_Sanger Macrobunidae .065
 Macrobunidae_sp_UCE Macrobunidae .065
 Funny_valentine_UCE Macrobunidae .065
 Macrobunus_sp_UCE Macrobunidae .065
 Macrobunidae_sp_3_UCE Macrobunidae .065
 Malenella_nana_UCE Macrobunidae .065
 Parazanomys_sp_UCE Macrobunidae .065
 Aorangia_sp_UCE Stiphidiidae .028
 Neoramia_janus_Sanger Stiphidiidae .028
 Neoramia_setosa_Sanger Stiphidiidae .028
 Neoramia_sp_cg239_Sanger Stiphidiidae .028
 Procambridgea_sp_cg295_Sanger Stiphidiidae .028
 Stiphidion_facetum_Sanger Stiphidiidae .028
 Stiphidion_sp_Sanger Stiphidiidae .028
 Therlinya_sp_cg297_Sanger Stiphidiidae .028
 Stiphidion_sp_UCE Stiphidiidae .028
 Forsterina_sp_UCE Stiphidiidae .028
 Neoramia_sp_660_UCE Stiphidiidae .028
 Taurongia_sp_UCE Stiphidiidae .028
 Lamina_sp_Sanger Toxopidae .030
 Myro_sp_Sanger Toxopidae .030
 Ommatauxesis_macrops_Sanger Toxopidae .030
 Toxops_sp_cg278_Sanger Toxopidae .030
 Ommatauxesis_sp_UCE Toxopidae .030
 Toxops_sp_UCE Toxopidae .030